x,y,
1060.3337,1275.6666,
1045.5527,1283.3745000000001,
1030.7806,1291.0778,
1015.9996000000001,1298.7857000000001,
1001.2187000000001,1306.4936000000002,
986.4465400000001,1314.1969000000001,
971.6656000000002,1321.9048000000003,
956.8846500000002,1329.6127000000004,
942.1124900000002,1337.3160000000003,
927.3315400000002,1345.0239000000004,
912.5506000000003,1352.7318000000005,
897.7785200000003,1360.4351000000004,
882.9974900000003,1368.1430000000005,
868.2165500000003,1375.8509000000006,
853.4444600000003,1383.5542000000005,
838.6634400000003,1391.2621000000006,
823.8825000000003,1398.9700000000007,
809.1015600000003,1406.6779000000008,
794.3293900000003,1414.3812000000007,
779.5484500000003,1422.0891000000008,
749.9957700000003,1437.4986000000008,
766.5117700000003,1435.3122000000008,
783.0375600000003,1433.1245000000008,
799.5633500000004,1430.9368000000009,
816.0793500000003,1428.7505000000008,
832.6051400000003,1426.5628000000008,
849.1309300000004,1424.3751000000009,
865.6568200000004,1422.187500000001,
882.1727200000004,1420.0011000000009,
898.6985100000004,1417.813400000001,
915.2244000000004,1415.625700000001,
931.7403000000004,1413.439400000001,
948.2660900000004,1411.251700000001,
964.7918900000004,1409.064100000001,
981.3078800000004,1406.877700000001,
997.8336700000004,1404.690000000001,
1014.3595000000005,1402.502400000001,
1030.8755000000006,1400.316000000001,
1047.4013000000004,1398.128300000001,
1063.9271000000003,1395.940600000001,
1080.4429000000002,1393.754300000001,
1096.9688000000003,1391.566600000001,
1113.4946000000002,1389.378900000001,
1130.0105000000003,1387.192600000001,
1146.5364000000004,1385.004900000001,
1163.0622000000003,1382.817200000001,
1179.5781000000004,1380.630900000001,
1196.1040000000005,1378.443200000001,
1212.6298000000004,1376.2555000000011,
1229.1457000000005,1374.069200000001,
1245.6716000000006,1371.881500000001,
1262.1974000000005,1369.6938000000011,
1278.7133000000006,1367.507500000001,
1295.2391000000005,1365.3198000000011,
1311.7650000000006,1363.1321000000012,
1328.2808000000005,1360.9457000000011,
1344.8066000000003,1358.7581000000011,
1361.3325000000004,1356.5704000000012,
1377.8583000000003,1354.3827000000013,
1394.3742000000004,1352.1964000000012,
1410.9001000000005,1350.0087000000012,
1427.4259000000004,1347.8210000000013,
1443.9418000000005,1345.6347000000012,
1450.8708000000006,2078.806100000001,
1438.5797000000007,2067.559600000001,
1426.2812000000006,2056.306300000001,
1413.9828000000007,2045.053000000001,
1401.6917000000008,2033.806400000001,
1389.3932000000007,2022.553100000001,
1377.0948000000008,2011.299800000001,
1364.8037000000008,2000.053200000001,
1352.5052000000007,1988.799900000001,
1340.2068000000008,1977.5466000000008,
1327.915700000001,1966.3000000000009,
1315.6172000000008,1955.0467000000008,
1303.318800000001,1943.7934000000007,
1291.027800000001,1932.5469000000007,
1278.7293000000009,1921.2936000000007,
1266.4308000000008,1910.0402000000006,
1254.1398000000008,1898.7937000000006,
1241.841400000001,1887.5404000000005,
1229.5428000000009,1876.2870000000005,
1217.251800000001,1865.0405000000005,
1204.953400000001,1853.7872000000004,
1192.654900000001,1842.5339000000004,
1180.3564000000008,1831.2806000000003,
1168.0654000000009,1820.0340000000003,
1155.7669000000008,1808.7807000000003,
1143.4685000000009,1797.5274000000002,
1131.177400000001,1786.2808000000002,
1118.879000000001,1775.0275000000001,
1106.580500000001,1763.7742,
1094.289400000001,1752.5277,
1081.9910000000011,1741.2744,
1069.692500000001,1730.021,
1057.401400000001,1718.7745,
1045.1030000000012,1707.5212,
1032.804500000001,1696.2677999999999,
1020.5134000000011,1685.0212999999999,
1008.215000000001,1673.7679999999998,
995.916510000001,1662.5146999999997,
983.625450000001,1651.2680999999998,
971.3270300000011,1640.0147999999997,
959.028600000001,1628.7614999999996,
946.737460000001,1617.5148999999997,
934.439040000001,1606.2615999999996,
922.140620000001,1595.0082999999995,
909.849480000001,1583.7616999999996,
897.5510500000009,1572.5083999999995,
885.252630000001,1561.2551999999994,
872.961570000001,1550.0085999999994,
860.663070000001,1538.7552999999994,
848.364650000001,1527.5019999999993,
836.073590000001,1516.2553999999993,
823.775080000001,1505.0020999999992,
811.4766600000011,1493.7487999999992,
799.1782400000011,1482.495499999999,
786.887100000001,1471.2488999999991,
774.588670000001,1459.995599999999,
762.290250000001,1448.742299999999,
762.778190000001,1468.279399999999,
769.168500000001,1483.675899999999,
775.555030000001,1499.0631999999991,
781.945340000001,1514.4596999999992,
788.335650000001,1529.8561999999993,
794.726010000001,1545.2527999999993,
801.112500000001,1560.6399999999992,
807.502810000001,1576.0364999999993,
813.893170000001,1591.4330999999993,
820.279660000001,1606.8202999999992,
826.669970000001,1622.2167999999992,
833.060280000001,1637.6132999999993,
839.4468100000009,1653.0006999999994,
845.8371200000009,1668.3970999999995,
852.2274300000009,1683.7935999999995,
858.6139700000009,1699.1809999999996,
865.0042800000009,1714.5773999999997,
871.3945900000009,1729.9738999999997,
877.7810800000009,1745.3611999999998,
884.1714400000009,1760.7577999999999,
890.5617500000009,1776.1542,
896.9482400000009,1791.5415,
903.3386000000008,1806.9381,
909.7289100000008,1822.3346000000001,
916.1153900000008,1837.7218,
922.5057500000008,1853.1184,
928.8960600000008,1868.5149000000001,
935.2825500000008,1883.9021,
941.6729100000008,1899.2987,
948.0632200000008,1914.6952,
954.4497100000008,1930.0824,
960.8400200000008,1945.4789,
967.2303800000008,1960.8755,
973.6168600000008,1976.2627,
980.0071700000008,1991.6592,
986.3975300000008,2007.0558,
992.7878400000008,2022.4523000000002,
999.1743300000007,2037.8395,
1005.5647000000007,2053.2361,
1011.9550000000007,2068.6326,
1018.3415000000007,2084.0198,
1024.7319000000007,2099.4164,
1031.1222000000007,2114.8129,
1037.5087000000008,2130.2001999999998,
1043.8990000000008,2145.5966,
1050.2893000000008,2160.9932,
1056.675800000001,2176.3804999999998,
1063.066100000001,2191.7769,
1069.456500000001,2207.1735,
1075.843000000001,2222.5607999999997,
1082.233300000001,2237.9572999999996,
1088.623600000001,2253.3537999999994,
1095.010100000001,2268.7410999999993,
1101.4004000000011,2284.137599999999,
1107.7908000000011,2299.534099999999,
1114.1773000000012,2314.921399999999,
1120.5676000000012,2330.3178999999986,
1126.9579000000012,2345.7143999999985,
1133.3444000000013,2361.1016999999983,
1139.7348000000013,2376.498199999998,
1146.1212000000014,2391.8853999999983,
1152.5116000000014,2407.2819999999983,
1158.9019000000014,2422.678499999998,
1165.2922000000015,2438.074999999998,
1171.6787000000015,2453.462199999998,
1178.0691000000015,2468.858799999998,
1184.4556000000016,2484.246099999998,
1190.8459000000016,2499.642499999998,
1197.2362000000016,2515.039099999998,
1203.6227000000017,2530.426399999998,
1210.0130000000017,2545.822899999998,
1216.4034000000017,2561.2193999999977,
1222.7899000000018,2576.6066999999975,
1229.1802000000018,2592.0031999999974,
1235.5705000000019,2607.399699999997,
1241.957000000002,2622.786999999997,
1248.347300000002,2638.183499999997,
1254.737600000002,2653.5799999999967,
1261.124200000002,2668.9672999999966,
1267.514500000002,2684.3637999999964,
1273.904800000002,2699.7602999999963,
1280.2913000000021,2715.147599999996,
1286.6816000000022,2730.544099999996,
1293.0720000000022,2745.940599999996,
1299.4584000000023,2761.327799999996,
1305.8488000000023,2776.724399999996,
1312.2391000000023,2792.120899999996,
1318.6256000000024,2807.508099999996,
1325.0163000000023,2822.905599999996,
1331.4055000000023,2838.299299999996,
1337.7947000000024,2853.693099999996,
1344.1835000000024,2869.0859999999957,
1350.5727000000024,2884.4795999999956,
1356.9619000000025,2899.8733999999954,
1363.3510000000026,2915.2670999999955,
1369.7398000000026,2930.6599999999953,
1376.1286000000025,2946.0527999999954,
1382.5174000000025,2961.4455999999955,
1388.9066000000025,2976.8392999999955,
1395.2958000000026,2992.2330999999954,
1401.6845000000026,3007.6258999999955,
1408.0737000000026,3023.0195999999955,
1414.4625000000026,3038.4124999999954,
1420.8517000000027,3053.806299999995,
1427.2405000000026,3069.1988999999953,
1433.6297000000027,3084.592699999995,
1440.0185000000026,3099.985499999995,
1446.4076000000027,3115.3791999999953,
1452.7968000000028,3130.772999999995,
501.1856600000028,3337.9434999999953,
503.3493400000028,3321.417599999995,
505.5130200000028,3304.8915999999954,
507.6767000000028,3288.3655999999955,
509.8402500000028,3271.8406999999956,
512.0038000000028,3255.3156999999956,
514.1674800000028,3238.7896999999957,
516.3311600000028,3222.2637999999956,
518.4947100000028,3205.7387999999955,
520.6583900000028,3189.2127999999957,
522.8219200000028,3172.6879999999956,
524.9856000000028,3156.1619999999957,
527.1491600000028,3139.6369999999956,
529.3128400000028,3123.110999999996,
531.4763900000028,3106.586099999996,
533.6400700000028,3090.060099999996,
535.8037500000028,3073.534099999996,
537.9673000000028,3057.0091999999963,
540.1308500000027,3040.4841999999962,
542.2944000000027,3023.959199999996,
544.4580800000027,3007.433299999996,
546.6217600000027,2990.907299999996,
548.7854400000027,2974.381399999996,
550.9489900000027,2957.856399999996,
553.1126700000027,2941.330399999996,
555.2763500000027,2924.804499999996,
557.4405500000028,2908.274499999996,
559.6033200000028,2891.755499999996,
561.7673900000028,2875.2265999999963,
563.9314600000029,2858.6975999999963,
566.0942300000029,2842.1785999999965,
568.2583000000029,2825.6496999999968,
570.422370000003,2809.120799999997,
572.585140000003,2792.601699999997,
574.749210000003,2776.072799999997,
576.913280000003,2759.5438999999974,
579.0760500000031,2743.0247999999974,
581.2401200000031,2726.4958999999976,
583.4041900000032,2709.966999999998,
585.5669600000032,2693.447999999998,
587.7310300000032,2676.918999999998,
589.8951000000033,2660.3900999999983,
592.0578700000033,2643.8710999999985,
594.2219400000033,2627.3420999999985,
596.3860100000034,2610.8131999999987,
598.5487800000034,2594.294199999999,
600.7128500000034,2577.765199999999,
602.8769200000035,2561.236299999999,
605.0396900000035,2544.7172999999993,
607.2037600000035,2528.1882999999993,
609.3665300000035,2511.6692999999996,
611.5306000000036,2495.1403999999998,
613.6946700000036,2478.6115,
615.8587400000036,2462.0825,
618.0215100000037,2445.5635,
620.1855800000037,2429.0346000000004,
622.3483500000037,2412.5155000000004,
624.5124200000038,2395.9866000000006,
626.6764900000038,2379.457700000001,
628.8392600000038,2362.938700000001,
631.0033300000039,2346.409700000001,
633.1674000000039,2329.8808000000013,
635.3301700000039,2313.3618000000015,
637.494240000004,2296.8328000000015,
639.658310000004,2280.3039000000017,
641.821090000004,2263.784900000002,
643.985150000004,2247.255900000002,
646.149220000004,2230.727000000002,
648.311990000004,2214.2080000000024,
650.476060000004,2197.6790000000024,
652.6401300000041,2181.1501000000026,
654.8029000000041,2164.631100000003,
656.9669700000042,2148.102200000003,
659.1310400000042,2131.573200000003,
661.2938100000042,2115.054200000003,
663.4578800000043,2098.5253000000034,
665.6219500000043,2081.9963000000034,
667.7847200000043,2065.4773000000037,
669.9487900000044,2048.948400000004,
672.1128600000044,2032.4194000000039,
674.2769300000044,2015.8905000000038,
676.4397000000044,1999.3715000000038,
678.6037700000045,1982.8425000000038,
680.7678400000045,1966.3136000000038,
682.9306100000045,1949.7946000000038,
685.0946800000046,1933.2657000000038,
687.2587500000046,1916.7367000000038,
689.4215200000046,1900.2177000000038,
691.5855900000047,1883.6888000000038,
693.7496600000047,1867.1598000000038,
695.9124300000047,1850.6408000000038,
698.0765000000048,1834.1119000000037,
700.2405700000048,1817.5829000000037,
702.4033400000048,1801.0639000000037,
704.5674100000049,1784.5350000000037,
706.7314800000049,1768.0060000000037,
708.894250000005,1751.4870000000037,
711.058320000005,1734.9581000000037,
713.222390000005,1718.4292000000037,
715.385160000005,1701.9101000000037,
717.5492300000051,1685.3812000000037,
719.7133000000051,1668.8523000000037,
721.8760700000051,1652.3332000000037,
724.0401400000052,1635.8043000000036,
726.2042100000052,1619.2754000000036,
728.3669800000052,1602.7564000000036,
730.5310500000053,1586.2274000000036,
732.6951200000053,1569.6985000000036,
734.8578900000053,1553.1795000000036,
737.0219600000054,1536.6505000000036,
739.1860300000054,1520.1216000000036,
741.3501000000055,1503.5927000000036,
743.5128700000055,1487.0736000000036,
745.6769400000055,1470.5447000000036,
747.8410100000056,1454.0158000000035,
729.7341900000056,1463.9559000000036,
719.5956000000056,1477.1883000000037,
709.4630300000056,1490.4129000000037,
699.3244400000056,1503.6453000000038,
689.1858500000055,1516.8777000000039,
679.0472100000055,1530.110200000004,
668.9147000000055,1543.334700000004,
658.7761100000055,1556.567100000004,
648.6374700000055,1569.7996000000041,
638.5049600000054,1583.0241000000042,
628.3663700000054,1596.2565000000043,
618.2277800000054,1609.4889000000044,
608.0952100000054,1622.7135000000044,
597.9566200000054,1635.9459000000045,
587.8180300000054,1649.1783000000046,
577.6854700000054,1662.4029000000046,
567.5468800000053,1675.6353000000047,
557.4082900000053,1688.8677000000048,
547.2757800000053,1702.0922000000048,
537.1371400000053,1715.324700000005,
526.9985500000053,1728.557100000005,
516.8660400000052,1741.781600000005,
506.7274000000052,1755.014100000005,
496.5888100000052,1768.2465000000052,
486.4562900000052,1781.4710000000052,
476.3176500000052,1794.7035000000053,
466.17906000000517,1807.9359000000054,
456.04655000000514,1821.1604000000054,
445.90791000000513,1834.3929000000055,
435.7693200000051,1847.6253000000056,
425.6368100000051,1860.8498000000056,
415.49822000000506,1874.0822000000057,
405.35958000000505,1887.3147000000058,
395.22706000000505,1900.5392000000058,
385.08847000000503,1913.771600000006,
374.949830000005,1927.004100000006,
364.811240000005,1940.2365000000061,
354.678730000005,1953.4610000000062,
344.54009000000497,1966.6935000000062,
334.40150000000494,1979.9259000000063,
324.2689900000049,1993.1504000000064,
314.1303500000049,2006.3829000000064,
303.9917600000049,2019.6153000000065,
293.8592400000049,2032.8398000000066,
283.7206600000049,2046.0722000000067,
273.5820200000049,2059.3047000000065,
263.4495000000049,2072.5292000000063,
253.3109100000049,2085.761600000006,
243.1722800000049,2098.9941000000063,
233.0397600000049,2112.218600000006,
222.9011700000049,2125.451000000006,
212.7625300000049,2138.683500000006,
202.6300200000049,2151.908000000006,
192.4914300000049,2165.1404000000057,
182.3527900000049,2178.3729000000058,
172.2202700000049,2191.5974000000056,
162.0816800000049,2204.8298000000054,
151.9430900000049,2218.0622000000053,
141.8105300000049,2231.2868000000053,
131.6719400000049,2244.519200000005,
121.5394300000049,2257.743700000005,
111.4007900000049,2270.976200000005,
101.2622000000049,2284.208600000005,
91.1236080000049,2297.441000000005,
80.99109400000489,2310.6655000000046,
70.8524550000049,2323.8980000000047,
60.719941000004894,2337.1225000000045,
50.581351000004894,2350.3549000000044,
40.442712000004896,2363.5874000000044,
30.310198000004895,2376.8119000000042,
20.171608000004895,2390.044300000004,
10.032969000004895,2403.276800000004,
6.491613100004895,1535.9284000000043,
23.007508000004893,1533.7421000000043,
39.533302000004895,1531.5544000000043,
56.059193000004896,1529.3667000000044,
72.5750870000049,1527.1804000000043,
89.1008810000049,1524.9927000000043,
105.62677000000491,1522.8050000000044,
122.14267000000491,1520.6187000000043,
138.66846000000493,1518.4310000000044,
155.19435000000493,1516.2433000000044,
171.72015000000494,1514.0557000000044,
188.23604000000495,1511.8693000000044,
204.76193000000495,1509.6816000000044,
221.28772000000495,1507.4939000000045,
237.80362000000494,1505.3076000000044,
254.32941000000494,1503.1199000000045,
270.85530000000495,1500.9322000000045,
287.37120000000493,1498.7459000000044,
303.89699000000496,1496.5582000000045,
320.42288000000497,1494.3705000000045,
336.93878000000495,1492.1842000000045,
353.464570000005,1489.9965000000045,
369.990460000005,1487.8088000000046,
386.506360000005,1485.6225000000045,
403.032150000005,1483.4348000000045,
419.558040000005,1481.2471000000046,
436.073940000005,1479.0608000000045,
452.599730000005,1476.8731000000046,
469.12552000000505,1474.6854000000046,
485.6415200000051,1472.4990000000046,
502.16731000000505,1470.3114000000046,
518.6931000000051,1468.1237000000046,
535.2090900000051,1465.9373000000046,
551.7348900000051,1463.7497000000046,
568.2606800000051,1461.5620000000047,
584.7765800000051,1459.3757000000046,
601.3024700000051,1457.1880000000046,
617.8282600000051,1455.0003000000047,
634.3441600000051,1452.8139000000047,
650.8700500000051,1450.6263000000047,
667.3958400000051,1448.4386000000047,
683.9216300000052,1446.2509000000048,
700.4376300000051,1444.0646000000047,
716.9634200000052,1441.8769000000048,
733.4892100000052,1439.6892000000048,
719.2014500000051,1424.772100000005,
703.7958700000052,1418.4037000000048,
688.3994100000051,1412.039200000005,
672.9938200000051,1405.6709000000048,
657.5882300000052,1399.3025000000048,
642.1825400000051,1392.9342000000047,
626.7861800000052,1386.5697000000048,
611.3805900000052,1380.2014000000047,
595.9749100000053,1373.8330000000046,
580.5785400000052,1367.4685000000047,
565.1729500000052,1361.1002000000046,
549.7673700000053,1354.7319000000045,
534.3709100000052,1348.3673000000044,
518.9653200000052,1341.9990000000043,
503.55973000000523,1335.6307000000043,
488.16327000000524,1329.2661000000041,
472.7576800000052,1322.897800000004,
457.3520900000052,1316.529500000004,
441.9557300000052,1310.165000000004,
426.5500400000052,1303.796600000004,
411.1444500000052,1297.428300000004,
395.74809000000516,1291.063800000004,
380.34241000000515,1284.695400000004,
364.9368200000051,1278.3271000000038,
349.54045000000514,1271.962600000004,
334.1347700000051,1265.5943000000038,
318.7291800000051,1259.2259000000038,
303.3328200000051,1252.8614000000039,
287.9271300000051,1246.4931000000038,
272.5215400000051,1240.1248000000037,
9.1282871,869.853,
22.360785999999997,879.99164,
35.593199,890.13023,
48.817687,900.26274,
62.050186,910.40138,
75.282598,920.53997,
88.507082,930.67249,
101.73958999999999,940.8111200000001,
114.972,950.9497100000001,
128.19648999999998,961.0822300000001,
141.42898999999997,971.2208700000001,
154.66139999999996,981.3594500000002,
167.88588999999996,991.4919700000002,
181.11829999999995,1001.6306000000002,
194.35079999999994,1011.7692000000002,
207.57528999999994,1021.9017000000002,
220.80769999999993,1032.0403000000003,
234.0401999999999,1042.1789000000003,
247.26468999999992,1052.3115000000003,
260.49709999999993,1062.4500000000003,
273.72959999999995,1072.5887000000002,
286.96200999999996,1082.7273000000002,
300.18649999999997,1092.8598000000002,
313.419,1102.9984000000002,
326.65141,1113.1370000000002,
339.8759,1123.2695,
353.10831,1133.4081,
366.34081000000003,1143.5468,
379.56530000000004,1153.6793,
392.79771000000005,1163.8179,
406.03021000000007,1173.9565,
419.25470000000007,1184.089,
432.4871100000001,1194.2276,
445.7196100000001,1204.3662,
458.9441000000001,1214.4987999999998,
472.1765100000001,1224.6372999999999,
485.40901000000014,1234.7759999999998,
498.63350000000014,1244.9084999999998,
511.86591000000016,1255.0470999999998,
525.0983200000002,1265.1856999999998,
538.3229000000001,1275.3181999999997,
551.5553100000001,1285.4567999999997,
564.78772,1295.5953999999997,
578.0123,1305.7279999999996,
591.2447099999999,1315.8665999999996,
604.4771199999999,1326.0051999999996,
617.7016099999998,1336.1376999999995,
630.9341099999998,1346.2762999999995,
644.1665199999998,1356.4148999999995,
657.3910099999997,1366.5473999999995,
670.6235099999997,1376.6860999999994,
683.8559199999996,1386.8246999999994,
697.0883299999996,1396.9631999999995,
710.3129099999995,1407.0957999999994,
732.0722499999995,1409.4083999999993,
723.1054499999995,1395.3554999999994,
714.1439499999994,1381.3108999999995,
705.1771599999995,1367.2579999999996,
696.2103599999995,1353.2050999999997,
687.2434999999995,1339.1520999999996,
678.2820599999994,1325.1075999999996,
669.3152699999995,1311.0546999999997,
660.3483999999995,1297.0016999999996,
651.3869699999996,1282.9571999999996,
642.4201699999995,1268.9042999999997,
633.4533799999996,1254.8513999999998,
624.4918799999996,1240.8068999999998,
615.5250799999995,1226.754,
606.5582799999995,1212.7009999999998,
597.5967899999995,1198.6564999999998,
588.6299899999995,1184.6036,
579.6631899999994,1170.5507,
570.7017599999995,1156.5062,
561.7348999999995,1142.4532,
552.7680999999994,1128.4003,
543.8066699999995,1114.3558,
534.8398099999995,1100.3028,
525.8730099999995,1086.2499,
516.9115799999995,1072.2054,
507.9447199999995,1058.1524,
498.97791999999953,1044.0995,
490.0164899999995,1030.055,
481.0496299999995,1016.0020000000001,
472.08282999999955,1001.9491,
463.12139999999954,987.90463,
454.15459999999956,973.85172,
445.18773999999956,959.79873,
436.22630999999956,945.75424,
427.2595099999996,931.70133,
418.29263999999955,917.6483499999999,
409.32584999999955,903.5954399999999,
400.36441999999954,889.55095,
391.39754999999957,875.4979599999999,
382.4307499999996,861.4450499999999,
373.4693199999996,847.4005599999999,
364.5024599999996,833.3475799999999,
355.5356599999996,819.2946699999999,
346.5742299999996,805.2501799999999,
337.6074299999996,791.1972699999999,
328.6405699999996,777.1442799999999,
319.6791399999996,763.0997899999999,
310.71233999999964,749.0468799999999,
301.7454699999996,734.9938999999998,
292.78404999999964,720.9494099999998,
283.81724999999966,706.8964999999998,
274.85038999999966,692.8435099999998,
265.88895999999966,678.7990199999998,
256.9221599999997,664.7461099999998,
247.95529999999968,650.6931299999998,
238.99386999999967,636.6486399999998,
230.02706999999967,622.5957299999998,
221.06026999999966,608.5428199999998,
212.09876999999966,594.4982499999998,
203.13197999999966,580.4453399999998,
194.17054999999965,566.4008499999998,
185.20367999999965,552.3478599999997,
176.23688999999965,538.2949599999997,
167.27008999999964,524.2420499999997,
158.30865999999963,510.1975599999997,
149.34178999999963,496.1445699999997,
140.38035999999963,482.1000799999997,
131.41355999999962,468.0471699999997,
122.44669999999962,453.9941799999997,
113.48526999999962,439.9496899999997,
104.51846999999961,425.89678999999967,
95.551611,411.8438,
86.59018,397.79931,
77.623382,383.7464,
68.656519,369.69341,
59.695088,355.64892,
50.72829,341.59601,
41.761492,327.54311,
32.799997,313.49854,
23.833199,299.44563,
14.8664,285.39272,
561.89655,16.57170100000002,
564.0829,33.08759600000002,
566.27057,49.613390000000024,
568.4582300000001,66.13918400000003,
570.6446100000001,82.65517500000003,
572.8322700000001,99.18096900000003,
575.0199400000001,115.70676000000003,
577.2063200000001,132.22275000000002,
579.3939800000002,148.74855000000002,
581.5816500000002,165.27434000000002,
583.7680000000001,181.79024,
585.9556900000001,198.31613000000002,
588.1433500000002,214.84192000000002,
590.3297100000002,231.35782,
592.5174000000002,247.88371,
594.7050600000002,264.4095,
596.8914200000003,280.92539999999997,
599.0791100000002,297.45129,
601.2667700000003,313.97708,
603.4531300000003,330.49297,
605.6408200000003,347.01887,
607.8271700000003,363.53476,
610.0148400000003,380.06055000000003,
612.2025000000003,396.58635000000004,
614.3901900000003,413.11224000000004,
616.5765400000003,429.62813000000006,
618.7642100000003,446.15393000000006,
620.9505900000003,462.66992000000005,
623.1382500000003,479.1957100000001,
625.3259200000003,495.7215100000001,
627.5122700000003,512.2374000000001,
629.6999600000003,528.7632900000001,
631.8876200000003,545.2890900000001,
634.0739800000003,561.8049800000001,
636.2616700000003,578.3308700000001,
638.4493300000004,594.8566600000001,
640.6356800000003,611.3725600000001,
642.8233800000003,627.8984500000001,
645.0110400000003,644.4242400000002,
647.1974000000004,660.9401400000002,
649.3850900000003,677.4660300000002,
651.5727500000004,693.9918200000002,
653.7591000000003,710.5077200000002,
655.9467700000004,727.0335100000002,
658.1344600000003,743.5594000000002,
660.3208100000003,760.0753000000002,
662.5084800000003,776.6010900000002,
664.6961700000003,793.1269800000002,
666.8825200000002,809.6428800000002,
669.0701800000003,826.1686700000002,
671.2578700000003,842.6945600000003,
673.4455400000003,859.2203600000003,
675.6318900000002,875.7362500000003,
677.8195800000002,892.2621400000003,
680.0072400000003,908.7879300000003,
682.1936000000003,925.3038300000003,
684.3812600000003,941.8296200000003,
686.5689500000003,958.3555100000003,
688.7553100000003,974.8714100000003,
690.9429700000004,991.3972000000003,
693.1306600000004,1007.9231000000003,
695.3170200000004,1024.4390000000003,
697.5046800000005,1040.9648000000002,
699.6923700000004,1057.4907000000003,
701.8787300000005,1074.0066000000004,
704.0663900000005,1090.5324000000003,
706.2540800000005,1107.0583000000004,
708.4404300000004,1123.5741000000003,
710.6281000000005,1140.0999000000002,
712.8157600000005,1156.6257,
715.0021400000005,1173.1417000000001,
717.1898100000005,1189.6675,
719.3774700000006,1206.1933,
721.5638500000006,1222.7093,
723.7515100000006,1239.2350999999999,
725.9391800000006,1255.7608999999998,
728.1255300000006,1272.2767999999999,
730.3132200000006,1288.8027,
732.5008900000006,1305.3284999999998,
734.6872400000005,1321.8444,
736.8749300000005,1338.3703,
739.0625900000006,1354.8961,
741.2502600000006,1371.4217999999998,
743.4366400000006,1387.9378,
745.6243000000006,1404.4635999999998,
747.8119700000007,1420.9893999999997,
757.1875600000006,1404.9592999999998,
760.7839900000007,1388.6818999999998,
764.3782600000008,1372.4140999999997,
767.9746800000007,1356.1366999999998,
771.5711100000008,1339.8592999999998,
775.1675400000008,1323.5819,
778.7618100000009,1307.3141999999998,
782.3582300000008,1291.0367999999999,
785.9546600000009,1274.7593,
789.548930000001,1258.4917,
793.1453500000009,1242.2143,
796.7417700000009,1225.9369000000002,
800.3360500000009,1209.6692,
803.9324700000009,1193.3918,
807.5289000000009,1177.1144000000002,
811.123170000001,1160.8466,
814.719590000001,1144.5692000000001,
818.316020000001,1128.2919000000002,
821.910280000001,1112.0242,
825.506720000001,1095.7467000000001,
829.103140000001,1079.4693000000002,
832.6974000000009,1063.2017000000003,
836.293840000001,1046.9242000000004,
839.8902600000009,1030.6468000000004,
843.484530000001,1014.3792000000004,
847.080960000001,998.1016700000005,
850.677380000001,981.8242800000005,
854.271650000001,965.5566400000005,
857.8680800000011,949.2791500000005,
861.4645000000011,933.0017600000006,
865.0587700000011,916.7341200000005,
868.6551900000011,900.4567200000006,
872.2516300000011,884.1792300000006,
875.8458900000011,867.9115900000006,
879.4423200000011,851.6342000000006,
883.0387500000012,835.3567100000007,
886.6351700000012,819.0793200000007,
890.2294400000012,802.8116700000007,
893.8258700000013,786.5341800000008,
897.4222900000012,770.2567900000008,
901.0165600000013,753.9891500000008,
904.6129900000013,737.7116600000008,
1335.7665000000013,20.468183000000863,
1329.3993000000014,35.871072000000865,
1323.0321000000015,51.27386400000086,
1316.6634000000015,66.68048200000086,
1310.2989000000016,82.07684400000086,
1303.9306000000015,97.48243300000087,
1297.5622000000014,112.88812000000087,
1291.1977000000015,128.28448000000085,
1284.8294000000014,143.69007000000084,
1278.4610000000014,159.09566000000083,
1272.0965000000015,174.49212000000082,
1265.7282000000014,189.8977100000008,
1259.3599000000013,205.3033000000008,
1252.9953000000012,220.6997600000008,
1246.627000000001,236.1053400000008,
1240.258700000001,251.5109300000008,
1233.894200000001,266.9073000000008,
1227.525800000001,282.31298000000083,
1221.157500000001,297.71857000000085,
1214.793000000001,313.11493000000087,
1208.424600000001,328.52062000000086,
1202.0563000000009,343.9262100000009,
1195.691800000001,359.3225700000009,
1189.3235000000009,374.7282600000009,
1182.9551000000008,390.1338400000009,
1176.590600000001,405.53021000000086,
1170.2223000000008,420.9358900000009,
1163.857800000001,436.3322500000009,
1157.4894000000008,451.7378400000009,
1151.1211000000008,467.14343000000093,
1144.7528000000007,482.5491200000009,
1138.3883000000008,497.94548000000094,
1132.0199000000007,513.351070000001,
1125.6554000000008,528.747530000001,
1119.2871000000007,544.153120000001,
1112.9187000000006,559.5587100000009,
1106.5542000000007,574.9550700000009,
1100.1859000000006,590.3607500000008,
1093.8176000000005,605.7663400000008,
1087.4531000000006,621.1627100000009,
1081.0847000000006,636.5683900000008,
1074.7164000000005,651.9739800000008,
1068.3519000000006,667.3703400000007,
1061.9835000000005,682.7760300000008,
1055.6152000000004,698.1816200000007,
1049.2507000000005,713.5779800000007,
1042.8823000000004,728.9836700000008,
1036.5140000000004,744.3892500000007,
1030.1495000000004,759.7856200000008,
1023.7812000000005,775.1912100000008,
1017.4128000000005,790.5968900000007,
1011.0483000000005,805.9932500000007,
1004.6800000000005,821.3988400000006,
998.3116500000006,836.8045300000007,
991.9471400000006,852.2008900000006,
985.5788100000005,867.6064800000006,
979.2104600000006,883.0121700000007,
972.8421400000005,898.4177500000006,
966.4776300000005,913.8141200000007,
960.1092800000006,929.2198000000006,
953.7409500000006,944.6253900000006,
947.3764500000005,960.0217500000006,
941.0081200000005,975.4273400000005,
934.6397700000006,990.8330300000006,
928.2752600000006,1006.2294000000006,
921.9069400000005,1021.6350000000007,
915.5385900000006,1037.0407000000007,
909.1740800000006,1052.4370000000008,
902.8057600000005,1067.8426000000009,
896.4374000000005,1083.2483000000009,
890.0729000000005,1098.644700000001,
883.7045700000004,1114.050300000001,
877.3362200000005,1129.455900000001,
870.9717100000005,1144.8523000000012,
864.6033900000004,1160.2579000000012,
858.2350600000004,1175.6635000000012,
851.8705300000005,1191.0599000000013,
845.5022000000005,1206.4655000000014,
839.1338800000004,1221.8711000000014,
832.7693500000005,1237.2676000000015,
826.4010200000005,1252.6732000000015,
820.0327000000004,1268.0788000000016,
813.6681900000004,1283.4751000000017,
807.2998400000005,1298.8808000000017,
800.9315100000005,1314.2864000000018,
794.5670000000005,1329.6828000000019,
788.1986500000005,1345.088400000002,
781.8303300000005,1360.494000000002,
775.4620000000004,1375.899600000002,
770.2668000000004,1411.045500000002,
780.4053900000005,1397.813100000002,
790.5379600000005,1384.5885000000019,
800.6765500000005,1371.3561000000018,
810.8151400000005,1358.1237000000017,
820.9537800000005,1344.8912000000016,
831.0862900000005,1331.6667000000016,
841.2248800000006,1318.4343000000015,
851.3635200000006,1305.2018000000014,
861.4960300000006,1291.9773000000014,
871.6346200000006,1278.7449000000013,
881.7732100000006,1265.5125000000012,
891.9057800000006,1252.2879000000012,
902.0443700000006,1239.055500000001,
912.1829600000007,1225.823100000001,
922.3155200000007,1212.598500000001,
932.4541100000007,1199.3661000000009,
942.5927000000007,1186.1337000000008,
952.7252100000007,1172.9092000000007,
962.8638500000008,1159.6767000000007,
973.0024400000008,1146.4443000000006,
983.1349500000008,1133.2198000000005,
993.2735900000008,1119.9873000000005,
1003.4122000000008,1106.7549000000004,
1013.5447000000008,1093.5304000000003,
1023.6833000000008,1080.2979000000003,
1033.8219000000008,1067.0655000000002,
1043.9544000000008,1053.8410000000001,
1054.0931000000007,1040.6085,
1064.2317000000007,1027.3761,
1074.3642000000007,1014.1515999999999,
1084.5028000000007,1000.9191999999999,
1094.6414000000007,987.68671,
1104.7739000000006,974.46222,
1114.9125000000006,961.22981,
1125.0512000000006,947.9973100000001,
1135.1897000000006,934.7649000000001,
1145.3223000000005,921.5404100000002,
1155.4609000000005,908.3079100000002,
1165.5995000000005,895.0755000000003,
1175.7320000000004,881.8510100000003,
1185.8706000000004,868.6185100000004,
1196.0092000000004,855.3861000000004,
1206.1417000000004,842.1616100000005,
1216.2803000000004,828.9292000000005,
1226.4190000000003,815.6967000000005,
1236.5515000000003,802.4722100000006,
1246.6901000000003,789.2398000000006,
1256.8287000000003,776.0072900000006,
1266.9612000000002,762.7828100000006,
1277.0998000000002,749.5504000000006,
1287.2385000000002,736.3179000000007,
1297.371,723.0934100000007,
1307.5096,709.8610000000008,
1317.6482,696.6285000000008,
1327.7807,683.4040100000009,
1337.9193,670.1716000000009,
1348.0579,656.9391800000009,
1358.1905,643.7146100000009,
1368.329,630.482200000001,
1378.4615999999999,617.257710000001,
1388.6001999999999,604.025210000001,
1398.7387999999999,590.7928000000011,
1408.8773999999999,577.560380000001,
1419.0098999999998,564.3359000000011,
1429.1484999999998,551.1034000000011,
1439.2809999999997,537.8789100000012,
1449.4195999999997,524.6465000000012,
1009.8895999999997,1115.9526000000012,
1016.8556999999997,1131.0973000000013,
1023.8217999999997,1146.2421000000013,
1030.7835999999998,1161.3778000000013,
1037.7496999999998,1176.5224000000014,
1044.7158,1191.6672000000015,
1051.6777,1206.8028000000015,
1058.6436999999999,1221.9475000000016,
1065.6098,1237.0923000000016,
1072.5717,1252.2279000000017,
1079.5376999999999,1267.3726000000017,
1086.5038,1282.5174000000018,
1093.4658,1297.6530000000018,
1100.4317999999998,1312.7978000000019,
1107.3979,1327.942400000002,
1114.3598,1343.078200000002,
1121.3257999999998,1358.222900000002,
1128.2876999999999,1373.358500000002,
1259.8550999999998,1381.845300000002,
1254.0772999999997,1397.482000000002,
1248.2995999999996,1413.118800000002,
1242.5251999999996,1428.746000000002,
1236.7474999999995,1444.382700000002,
1230.9697999999994,1460.019400000002,
1225.1954999999994,1475.646700000002,
1219.4176999999993,1491.283400000002,
1213.6399999999992,1506.920200000002,
1207.8656999999992,1522.5475000000022,
1202.087899999999,1538.1841000000022,
1196.310099999999,1553.8209000000022,
1190.535899999999,1569.4482000000023,
1184.7580999999989,1585.0849000000023,
1178.9802999999988,1600.7216000000024,
1173.2059999999988,1616.3490000000024,
1167.4281999999987,1631.9856000000025,
1161.6539999999986,1647.6129000000026,
1155.8762999999985,1663.2496000000026,
1150.0984999999985,1678.8864000000026,
1144.3206999999984,1694.5230000000026,
1138.5464999999983,1710.1503000000027,
1132.7686999999983,1725.7871000000027,
1126.9943999999982,1741.4143000000026,
1121.2165999999982,1757.0510000000027,
1345.516799999998,2000.7872000000027,
1329.998499999998,2006.8757000000028,
1314.4800999999982,2012.9642000000028,
1298.9709999999982,2019.048900000003,
1283.4526999999982,2025.137300000003,
1267.9342999999983,2031.225900000003,
1252.4252999999983,2037.3107000000032,
1236.9068999999984,2043.3991000000033,
1221.3884999999984,2049.487600000003,
1205.8794999999984,2055.572400000003,
1190.3611999999985,2061.6608000000033,
1174.8426999999986,2067.749300000003,
1159.3336999999985,2073.834200000003,
1143.8152999999986,2079.922600000003,
1128.2969999999987,2086.011000000003,
1112.7877999999987,2092.095900000003,
1097.2694999999987,2098.184200000003,
1081.7604999999987,2104.269200000003,
1066.2420999999988,2110.357600000003,
1050.7238999999988,2116.446100000003,
947.2097099999988,1943.8361000000027,
934.2993399999989,1954.3817000000026,
921.3888699999989,1964.9274000000025,
908.4861799999989,1975.4666000000025,
895.5758199999989,1986.0122000000024,
882.6654499999988,1996.5578000000023,
869.7628499999988,2007.0972000000024,
856.8523899999989,2017.6427000000024,
843.9419199999988,2028.1884000000023,
831.0392299999988,2038.7277000000022,
818.1288699999989,2049.2732000000024,
805.2183999999988,2059.8189000000025,
792.3156999999989,2070.3582000000024,
779.4053399999989,2080.9037000000026,
766.4948699999989,2091.4494000000027,
753.5921699999989,2101.9887000000026,
740.6817099999989,2112.534200000003,
727.7791099999989,2123.0735000000027,
714.8686399999989,2133.619200000003,
701.9582599999989,2144.164900000003,
689.0479099999989,2154.710400000003,
676.1452699999988,2165.249700000003,
676.1452699999988,2165.249700000003,
663.2347999999988,2175.795400000003,
606.3156799999988,2416.849600000003,
590.3924099999988,2411.9502000000034,
574.4594799999987,2407.047900000003,
558.5266399999987,2402.145600000003,
542.6033199999987,2397.246300000003,
526.6694399999986,2392.343600000003,
510.73952999999864,2387.4422000000027,
494.80947999999864,2382.5407000000027,
478.88038999999867,2377.6396000000027,
462.9504699999987,2372.7382000000025,
447.0204399999987,2367.8367000000026,
431.0904799999987,2362.9353000000024,
415.1613799999987,2358.0343000000025,
399.2323299999987,2353.1331000000027,
383.30336999999867,2348.2320000000027,
367.37331999999867,2343.3305000000028,
351.4432899999987,2338.4291000000026,
335.5143199999987,2333.527900000003,
319.58427999999867,2328.626600000003,
303.6551699999987,2323.725400000003,
287.7251399999987,2318.824000000003,
271.79622999999873,2313.9229000000028,
255.86617999999874,2309.0215000000026,
239.93721999999875,2304.1202000000026,
224.00725999999875,2299.2189000000026,
208.07719999999875,2294.3175000000024,
192.14813999999876,2289.4163000000026,
176.21912999999876,2284.5152000000026,
160.28908999999877,2279.6138000000024,
144.35902999999877,2274.712400000002,
128.42910999999876,2269.810800000002,
296.57201999999876,2310.055300000002,
304.25879999999876,2295.2634000000016,
311.94557999999876,2280.4714000000017,
319.62774999999874,2265.688400000002,
327.3145599999987,2250.896400000002,
335.0013399999987,2236.104400000002,
342.6835099999987,2221.321400000002,
350.3703199999987,2206.529300000002,
358.0570999999987,2191.737400000002,
365.7392799999987,2176.9543000000017,
373.4260799999987,2162.162300000002,
381.1128599999987,2147.3704000000016,
388.7950199999987,2132.5873000000015,
396.4818399999987,2117.7953000000016,
404.16860999999875,2103.0033000000017,
411.85077999999874,2088.2203000000018,
419.53755999999873,2073.428300000002,
427.2243699999987,2058.636300000002,
434.9065399999987,2043.853300000002,
442.5933199999987,2029.0613000000021,
450.2801299999987,2014.2693000000022,
457.96229999999866,1999.486200000002,
465.64907999999866,1984.6943000000022,
473.33588999999864,1969.9023000000022,
481.02266999999864,1955.1103000000023,
488.7048399999986,1940.3273000000024,
496.3916499999986,1925.5352000000025,
504.0784299999986,1910.7433000000026,
511.7605999999986,1895.9602000000025,
519.4473699999986,1881.1683000000025,
527.1341799999987,1866.3763000000026,
534.8163499999987,1851.5932000000025,
542.5031299999987,1836.8013000000026,
550.1899399999987,1822.0093000000027,
557.8721099999988,1807.2262000000026,
565.5588899999988,1792.4343000000026,
573.2456999999988,1777.6422000000027,
580.9278699999988,1762.8592000000028,
688.0559699999989,1838.3657000000028,
675.3740599999988,1827.5509000000027,
662.6930799999989,1816.7369000000026,
650.0111599999989,1805.9221000000025,
637.3301299999989,1795.1080000000024,
624.6482799999989,1784.2933000000025,
611.9663599999989,1773.4785000000024,
599.2852599999989,1762.6643000000024,
586.6041599999988,1751.8503000000023,
573.9222399999989,1741.0355000000022,
561.2403199999989,1730.2207000000021,
548.5585499999988,1719.4060000000022,
310.7079699999988,1487.1739000000023,
307.2380199999988,1470.8793000000023,
303.7658199999988,1454.5738000000024,
300.2945299999988,1438.2723000000024,
296.82313999999883,1421.9708000000023,
293.35192999999884,1405.6703000000023,
289.88064999999887,1389.3689000000022,
286.4092599999989,1373.0674000000022,
282.9378699999989,1356.7659000000021,
279.4666599999989,1340.465400000002,
275.9955499999989,1324.164900000002,
272.5244399999989,1307.864500000002,
269.0530499999989,1291.562900000002,
265.5816599999989,1275.261400000002,
262.1105499999989,1258.9610000000018,
258.6391599999989,1242.6594000000018,
255.1679499999989,1226.3589000000018,
251.69654999999892,1210.0574000000017,
248.22544999999892,1193.7570000000017,
244.7540599999989,1177.4555000000016,
241.2829599999989,1161.1550000000016,
237.81156999999888,1144.8536000000015,
234.34017999999887,1128.5520000000015,
230.86905999999885,1112.2515000000014,
227.39785999999884,1095.9510000000014,
223.92646999999883,1079.6495000000014,
220.45506999999884,1063.3480000000013,
216.98378999999883,1047.0465000000013,
327.3072499999988,1099.2105000000013,
342.94259999999883,1093.4292000000012,
358.56853999999885,1087.6512000000012,
374.2039499999988,1081.869800000001,
389.83927999999884,1076.088400000001,
405.4652299999988,1070.310500000001,
421.1006399999988,1064.529000000001,
436.7359599999988,1058.7476000000008,
452.3619299999988,1052.9697000000008,
467.99733999999876,1047.1883000000007,
483.63265999999874,1041.4069000000006,
262.44451999999876,648.1588100000006,
278.50051999999874,643.6875500000006,
294.55659999999875,639.2162700000006,
310.61267999999876,634.7449700000005,
326.6676999999988,630.2739900000005,
342.72281999999876,625.8029700000005,
358.77888999999874,621.3316700000005,
374.83487999999875,616.8604200000004,
390.88998999999876,612.3894000000005,
406.94606999999877,607.9181100000005,
423.00098999999875,603.4471600000005,
439.0570599999987,598.9758600000005,
455.1121799999987,594.5048500000005,
471.1682599999987,590.0335600000005,
487.2232699999987,585.5625700000005,
503.2793599999987,581.0912800000006,
519.3354399999987,576.6199900000006,
535.3904499999987,572.1490100000005,
551.4455699999987,567.6779800000005,
567.5006799999987,563.2069600000005,
583.5566599999987,558.7357100000005,
599.6127399999987,554.2644200000005,
615.6687399999987,549.7931600000005,
664.9633199999987,723.9097400000005,
681.6329499999987,723.7900700000005,
698.3024899999987,723.6704100000005,
714.9620399999986,723.5508100000005,
731.6326799999987,723.4311300000005,
748.2991899999987,723.3114900000005,
764.9657999999987,723.1918400000005,
781.6313999999987,723.0722000000005,
798.2979099999988,722.9525600000005,
814.9645199999987,722.8329200000005,
831.6310399999987,722.7132700000005,
848.2966299999987,722.5936400000005,
864.9622299999987,722.4739900000005,
881.6277399999988,722.3543600000005,
898.2943499999988,722.2347100000005,
914.9609499999988,722.1150600000005,
931.6264599999988,721.9954300000005,
948.2930699999988,721.8757800000005,
964.9586799999988,721.7561600000005,
981.6252799999988,721.6365100000005,
998.2907099999989,721.5168700000005,
1014.9572999999989,721.3972200000005,
1031.622899999999,721.2775800000005,
986.8880499999989,894.8238500000004,
998.9901799999989,906.2881100000004,
1011.0921999999989,917.7523200000004,
1023.187099999999,929.2096500000004,
1035.2898999999989,940.6746100000004,
1047.3897999999988,952.1367300000004,
1059.4896999999987,963.5989200000004,
1071.5888999999988,975.0604100000004,
1083.6887999999988,986.5225300000004,
1470.7485999999988,455.67211000000043,
1484.5333999999987,446.29825000000045,
1498.3181999999986,436.92440000000045,
1512.1029999999985,427.55059000000045,
1525.8793999999984,418.18233000000043,
1539.6641999999983,408.80847000000045,
1553.4491999999984,399.43460000000044,
1567.2253999999984,390.0664300000004,
1581.0100999999984,380.6925800000004,
1594.7949999999985,371.3187100000004,
1608.5715999999984,361.95041000000043,
1622.3561999999984,352.57658000000043,
1636.1410999999985,343.20272000000045,
1649.9175999999984,333.83446000000043,
1663.7022999999983,324.46061000000043,
1677.4869999999983,315.0867600000004,
1691.2635999999982,305.7185000000004,
1705.048299999998,296.3446400000004,
1718.833099999998,286.97085000000044,
1732.609699999998,277.6026100000004,
1746.3943999999979,268.22866000000045,
1760.1791999999978,258.85486000000043,
1773.9555999999977,249.48668000000043,
1787.7402999999977,240.11275000000043,
1791.8314999999977,874.8896400000004,
1781.6989999999978,888.1267100000005,
1771.5725999999977,901.3558500000005,
1761.4399999999978,914.5929200000005,
1751.3071999999977,927.8298900000005,
1741.1805999999976,941.0590200000006,
1731.0479999999977,954.2960800000006,
1720.9156999999977,967.5331900000007,
1710.7889999999977,980.7622900000007,
1700.6562999999978,993.9991000000007,
1690.5238999999979,1007.2364000000007,
1680.3973999999978,1020.4653000000006,
1670.2647999999979,1033.7024000000006,
1660.132299999998,1046.9395000000006,
1650.005699999998,1060.1685000000007,
1639.873099999998,1073.4057000000007,
1629.7403999999979,1086.6427000000008,
1619.6138999999978,1099.8717000000008,
1609.4813999999978,1113.1088000000009,
1599.3486999999977,1126.346100000001,
1589.2221999999977,1139.575000000001,
1579.0897999999977,1152.812100000001,
1568.9570999999978,1166.049200000001,
1558.8303999999978,1179.278400000001,
1548.6979999999978,1192.5154000000011,
1538.5654999999979,1205.7525000000012,
1528.4390999999978,1218.9814000000013,
1518.3062999999977,1232.2185000000013,
1508.1736999999978,1245.4555000000014,
1498.0469999999978,1258.6847000000014,
1487.9144999999978,1271.9217000000015,
1477.7819999999979,1285.1588000000015,
1467.649399999998,1298.3959000000016,
1791.446499999998,1581.9227000000014,
1782.196999999998,1595.7791000000013,
1772.941799999998,1609.6438000000014,
1763.686599999998,1623.5086000000015,
1754.431399999998,1637.3733000000016,
1745.1817999999978,1651.2297000000015,
1735.9265999999977,1665.0944000000015,
1726.6711999999977,1678.9592000000016,
1717.4215999999976,1692.8154000000015,
1708.1664999999975,1706.6801000000016,
1698.9111999999975,1720.5450000000017,
1689.6615999999974,1734.4013000000016,
1680.4062999999974,1748.2660000000017,
1671.1509999999973,1762.1308000000017,
1661.9015999999974,1775.9869000000017,
1652.6461999999974,1789.8519000000017,
1643.3911999999973,1803.7166000000018,
1634.1413999999972,1817.5727000000018,
1624.8861999999972,1831.4377000000018,
1615.631199999997,1845.3023000000019,
1606.381399999997,1859.1587000000018,
1597.126299999997,1873.0234000000019,
1587.870999999997,1886.888200000002,
1578.6213999999968,1900.7446000000018,
1569.3661999999968,1914.609200000002,
1560.1111999999966,1928.473900000002,
1550.8611999999966,1942.330500000002,
1541.6060999999966,1956.1952000000022,
1532.3509999999965,1970.0598000000023,
1523.1013999999964,1983.9162000000022,
1513.8461999999963,1997.7809000000022,
1504.5909999999963,2011.6455000000024,
1495.3411999999962,2025.5022000000024,
1486.0860999999961,2039.3668000000025,
1476.8305999999961,2053.2314000000024,
1467.575599999996,2067.0961000000025,
1788.283099999996,2513.6497000000027,
1780.728199999996,2528.509500000003,
1773.1732999999958,2543.369300000003,
1765.6227999999958,2558.220200000003,
1758.0679999999957,2573.079700000003,
1750.5130999999956,2587.939700000003,
1742.9628999999957,2602.790400000003,
1735.4080999999956,2617.650300000003,
1727.8531999999955,2632.5099000000027,
1720.3027999999954,2647.360900000003,
1712.7478999999953,2662.220500000003,
1705.1929999999952,2677.080500000003,
1697.6381999999953,2691.9401000000034,
1690.0879999999954,2706.7911000000036,
1682.5329999999954,2721.6508000000035,
1674.9780999999953,2736.5107000000035,
1667.4276999999952,2751.3614000000034,
1659.872799999995,2766.2213000000033,
1652.3179999999952,2781.0811000000035,
1644.767699999995,2795.9319000000037,
1637.212699999995,2810.7916000000037,
1629.657699999995,2825.6515000000036,
1622.107699999995,2840.5022000000035,
1614.552599999995,2855.3620000000037,
1606.997799999995,2870.221800000004,
1599.447399999995,2885.072600000004,
1591.892399999995,2899.9324000000042,
1584.3375999999948,2914.792100000004,
1576.787399999995,2929.6429000000044,
1569.2324999999948,2944.5027000000046,
1561.6775999999948,2959.3626000000045,
1554.1271999999947,2974.2134000000046,
1546.5722999999946,2989.073200000005,
1539.0173999999945,3003.932900000005,
1531.4669999999944,3018.7840000000047,
1523.9120999999943,3033.6437000000046,
1516.3573999999944,3048.5034000000046,
1508.8069999999943,3063.3541000000046,
1501.2519999999943,3078.2140000000045,
1493.6972999999944,3093.0737000000045,
1486.1468999999943,3107.9247000000046,
1478.5919999999942,3122.7845000000048,
1471.037099999994,3137.6442000000047,
1463.4823999999942,3152.504000000005,
